account_id,recency_days,frequency_count,lifetime_value_myr,city,acquisition_channel,onboarding_date,account_age_days,avg_transaction_value,customer_segment
ACCT-0001,15,2,202.88,Penang,In-Store Promo,2025-11-27,34,101.44,Standard
ACCT-0002,25,10,1033.29,Shah Alam,In-Store Promo,2025-04-11,264,103.329,Standard
ACCT-0003,5,7,1467.56,Penang,In-Store Promo,2025-08-08,145,209.65142857142857,Standard
ACCT-0004,4,25,3972.92,Petaling Jaya,Referral,2025-09-28,94,158.9168,Standard
ACCT-0005,4,10,1254.38,Johor Bahru,Referral,2025-11-19,42,125.43800000000002,New Active
ACCT-0006,12,12,2714.24,Penang,Referral,2025-06-17,197,226.18666666666664,Standard
ACCT-0007,10,3,477.03000000000003,Kuala Lumpur,Referral,2025-12-03,28,159.01000000000002,New Active
ACCT-0008,11,7,1252.08,Penang,In-Store Promo,2025-08-17,136,178.8685714285714,Standard
ACCT-0009,1,74,11464.05,Puchong,Organic Search,2025-01-24,341,154.91959459459457,Champion
ACCT-0010,1,148,21911.37,Kuala Lumpur,Referral,2025-05-14,231,148.0497972972973,Champion
ACCT-0011,2,175,31819.02,Kuala Lumpur,Social Media Ad,2025-04-14,261,181.82297142857144,Champion
ACCT-0012,1,104,20572.26,Shah Alam,Referral,2025-04-23,252,197.8101923076923,Champion
ACCT-0013,137,12,3684.6899999999996,Petaling Jaya,Social Media Ad,2025-05-02,243,307.05749999999995,Churned
ACCT-0014,1,85,10314.57,Petaling Jaya,In-Store Promo,2025-05-30,215,121.34788235294117,Champion
ACCT-0015,18,12,1051.97,Petaling Jaya,Organic Search,2025-05-05,240,87.66416666666667,Standard
ACCT-0016,66,12,1727.24,Penang,Social Media Ad,2025-07-16,168,143.93666666666667,Standard
ACCT-0017,1,171,32024.28,Puchong,Social Media Ad,2025-03-22,284,187.27649122807017,Champion
ACCT-0018,20,15,1622.3899999999999,Puchong,Social Media Ad,2025-02-26,308,108.15933333333332,Standard
ACCT-0019,1,6,347.34000000000003,Johor Bahru,In-Store Promo,2025-12-07,24,57.89000000000001,New Active
ACCT-0020,126,12,1674.3999999999999,Kuala Lumpur,Social Media Ad,2025-06-13,201,139.53333333333333,Churned
ACCT-0021,29,10,1713.86,Petaling Jaya,In-Store Promo,2025-03-28,278,171.386,Standard
ACCT-0022,10,14,2059.0,Shah Alam,Referral,2025-06-04,210,147.07142857142858,Standard
ACCT-0023,1,5,512.84,Johor Bahru,In-Store Promo,2025-12-07,24,102.56800000000001,New Active
ACCT-0024,2,97,16432.05,Kuala Lumpur,Referral,2025-01-28,337,169.40257731958764,Champion
ACCT-0025,5,7,1054.51,Penang,In-Store Promo,2025-11-29,32,150.6442857142857,New Active
ACCT-0026,25,10,1731.83,Kuala Lumpur,In-Store Promo,2025-03-11,295,173.183,Standard
ACCT-0027,2,23,2980.57,Puchong,Organic Search,2025-10-17,75,129.59,Standard
ACCT-0028,8,2,621.63,Kuala Lumpur,In-Store Promo,2025-11-30,31,310.815,New Active
ACCT-0029,3,49,7631.05,Puchong,Organic Search,2025-07-07,177,155.7357142857143,Standard
ACCT-0030,3,51,9813.99,Kuala Lumpur,Social Media Ad,2025-08-28,125,192.43117647058824,Champion
ACCT-0031,5,6,1431.81,Puchong,Referral,2025-09-13,109,238.635,Standard
ACCT-0032,5,8,864.1,Johor Bahru,Referral,2025-08-30,123,108.0125,Standard
ACCT-0033,3,52,8969.07,Penang,Referral,2025-08-21,132,172.48211538461538,Champion
ACCT-0034,2,104,19036.21,Kuala Lumpur,Organic Search,2025-04-17,258,183.04048076923075,Champion
ACCT-0035,250,26,3506.65,Shah Alam,Social Media Ad,2025-01-31,334,134.87115384615385,Churned
ACCT-0036,3,2,771.72,Johor Bahru,In-Store Promo,2025-12-22,9,385.86,New Active
ACCT-0037,8,10,994.13,Johor Bahru,In-Store Promo,2025-07-21,163,99.413,Standard
ACCT-0038,8,12,2057.02,Puchong,Referral,2025-06-09,205,171.41833333333332,Standard
ACCT-0039,3,25,3479.57,Johor Bahru,In-Store Promo,2025-11-05,56,139.18280000000001,New Active
ACCT-0040,4,11,2314.39,Johor Bahru,Organic Search,2025-10-03,89,210.3990909090909,Standard
ACCT-0041,4,54,10044.34,Shah Alam,Social Media Ad,2025-05-06,239,186.0062962962963,Champion
ACCT-0042,1,24,1970.88,Kuala Lumpur,Social Media Ad,2025-10-08,84,82.12,Standard
ACCT-0043,19,9,1405.1,Johor Bahru,In-Store Promo,2025-07-08,176,156.1222222222222,Standard
ACCT-0044,176,22,3511.04,Kuala Lumpur,Referral,2025-03-18,288,159.59272727272727,Churned
ACCT-0045,19,10,1466.39,Petaling Jaya,Referral,2025-06-24,190,146.639,Standard
ACCT-0046,9,3,283.33,Puchong,Referral,2025-10-24,68,94.44333333333333,Standard
ACCT-0047,4,64,10127.35,Shah Alam,Social Media Ad,2025-07-10,174,158.23984375,Champion
ACCT-0048,204,9,941.38,Puchong,Social Media Ad,2025-04-10,265,104.59777777777778,Churned
ACCT-0049,1,40,7919.25,Kuala Lumpur,Organic Search,2025-08-15,138,197.98125,Standard
ACCT-0050,115,18,2385.08,Petaling Jaya,Referral,2025-05-28,217,132.50444444444443,Churned
ACCT-0051,6,64,11060.08,Shah Alam,In-Store Promo,2025-03-14,292,172.81375,Champion
ACCT-0052,4,101,14773.84,Petaling Jaya,In-Store Promo,2025-01-20,345,146.27564356435644,Champion
ACCT-0053,1,17,3010.5699999999997,Kuala Lumpur,In-Store Promo,2025-10-27,65,177.09235294117644,Standard
ACCT-0054,2,16,2421.36,Penang,Social Media Ad,2025-10-20,72,151.335,Standard
ACCT-0055,5,11,2571.2799999999997,Petaling Jaya,Social Media Ad,2025-03-06,300,233.75272727272724,Standard
ACCT-0056,109,21,5522.66,Puchong,Referral,2025-06-16,198,262.9838095238095,Churned
ACCT-0057,1,15,3874.36,Shah Alam,Referral,2025-12-10,21,258.29066666666665,New Active
ACCT-0058,4,1,107.41,Petaling Jaya,In-Store Promo,2025-12-27,4,107.41,New Active
ACCT-0059,25,10,1393.33,Petaling Jaya,Referral,2025-05-02,243,139.333,Standard
ACCT-0060,1,4,432.57,Johor Bahru,In-Store Promo,2025-11-18,43,108.1425,New Active
ACCT-0061,11,15,3483.9700000000003,Johor Bahru,Organic Search,2025-04-16,259,232.26466666666667,Standard
ACCT-0062,3,56,9254.62,Kuala Lumpur,Referral,2025-04-21,254,165.26107142857146,Champion
ACCT-0063,3,59,11088.76,Petaling Jaya,Social Media Ad,2025-04-13,262,187.94508474576273,Champion
ACCT-0064,1,50,8215.76,Johor Bahru,In-Store Promo,2025-08-17,136,164.3152,Champion
ACCT-0065,1,75,13758.01,Johor Bahru,Social Media Ad,2025-07-15,169,183.44013333333334,Champion
ACCT-0066,166,22,4423.31,Kuala Lumpur,Organic Search,2025-04-10,265,201.05954545454549,Churned
ACCT-0067,3,158,23389.2,Shah Alam,Referral,2025-04-24,251,148.03291139240505,Champion
ACCT-0068,4,9,1988.0400000000002,Penang,Social Media Ad,2025-05-07,238,220.89333333333335,Standard
ACCT-0069,259,13,1442.17,Kuala Lumpur,Organic Search,2025-01-03,362,110.93615384615386,Churned
ACCT-0070,246,18,5234.62,Shah Alam,Social Media Ad,2025-01-27,338,290.8122222222222,Churned
ACCT-0071,3,26,4374.09,Petaling Jaya,Referral,2025-09-23,99,168.23423076923078,Standard
ACCT-0072,18,19,3940.16,Shah Alam,Social Media Ad,2025-01-12,353,207.37684210526314,Standard
ACCT-0073,4,10,1036.99,Kuala Lumpur,Referral,2025-05-02,243,103.699,Standard
ACCT-0074,1,105,18212.75,Johor Bahru,Referral,2025-08-12,141,173.4547619047619,Champion
ACCT-0075,204,20,4121.04,Puchong,Social Media Ad,2025-03-21,285,206.052,Churned
ACCT-0076,3,4,445.61,Penang,Organic Search,2025-11-28,33,111.4025,New Active
ACCT-0077,252,16,2657.82,Kuala Lumpur,Referral,2025-01-08,357,166.11375,Churned
ACCT-0078,143,12,2949.62,Penang,In-Store Promo,2025-05-01,244,245.80166666666665,Churned
ACCT-0079,1,8,806.56,Petaling Jaya,Social Media Ad,2025-11-14,47,100.82,New Active
ACCT-0080,1,84,12227.18,Petaling Jaya,Referral,2025-09-06,116,145.56166666666667,Champion
ACCT-0081,1,124,20843.37,Johor Bahru,Referral,2025-07-07,177,168.0916935483871,Champion
ACCT-0082,3,131,21072.16,Penang,Organic Search,2025-01-31,334,160.85618320610686,Champion
ACCT-0083,14,4,428.22,Johor Bahru,In-Store Promo,2025-10-30,62,107.055,Standard
ACCT-0084,9,7,831.27,Puchong,Referral,2025-09-01,121,118.75285714285714,Standard
ACCT-0085,9,16,2024.83,Penang,Social Media Ad,2025-03-07,299,126.551875,Standard
ACCT-0086,3,55,10706.42,Kuala Lumpur,Organic Search,2025-06-29,185,194.6621818181818,Champion
ACCT-0087,2,8,834.76,Kuala Lumpur,Social Media Ad,2025-12-07,24,104.345,New Active
ACCT-0088,1,174,28648.92,Johor Bahru,Organic Search,2025-04-29,246,164.64896551724138,Champion
ACCT-0089,1,78,12965.3,Johor Bahru,Organic Search,2025-06-30,184,166.22179487179486,Champion
ACCT-0090,20,14,2060.75,Johor Bahru,Social Media Ad,2025-02-07,327,147.19642857142858,Standard
ACCT-0091,141,16,3281.0,Penang,Referral,2025-05-30,215,205.0625,Churned
ACCT-0092,15,19,2812.7400000000002,Penang,Social Media Ad,2025-02-03,331,148.03894736842108,Standard
ACCT-0093,3,50,8411.19,Penang,Referral,2025-10-13,79,168.2238,Champion
ACCT-0094,1,218,36575.07,Johor Bahru,Referral,2025-02-11,323,167.7755504587156,Champion
ACCT-0095,2,120,21948.36,Penang,Referral,2025-06-20,194,182.903,Champion
ACCT-0096,3,38,7330.8,Johor Bahru,Referral,2025-07-20,164,192.9157894736842,Standard
ACCT-0097,15,7,1054.34,Petaling Jaya,Referral,2025-06-30,184,150.61999999999998,Standard
ACCT-0098,1,254,49189.15,Puchong,Social Media Ad,2025-01-13,352,193.65807086614174,Champion
ACCT-0099,144,36,7615.8099999999995,Johor Bahru,Social Media Ad,2025-04-16,259,211.55027777777775,Churned
ACCT-0100,4,7,935.0999999999999,Johor Bahru,In-Store Promo,2025-10-31,61,133.58571428571426,Standard
ACCT-0101,1,153,25717.96,Shah Alam,Referral,2025-05-16,229,168.09124183006534,Champion
ACCT-0102,13,11,1421.36,Penang,In-Store Promo,2025-02-17,317,129.21454545454546,Standard
ACCT-0103,279,16,3492.14,Penang,Social Media Ad,2025-01-20,345,218.25875,Churned
ACCT-0104,21,1,142.5,Kuala Lumpur,Social Media Ad,2025-12-10,21,142.5,Standard
ACCT-0105,268,20,3696.13,Kuala Lumpur,In-Store Promo,2025-01-15,350,184.8065,Churned
ACCT-0106,106,15,2291.19,Penang,Social Media Ad,2025-06-08,206,152.746,Churned
ACCT-0107,5,26,2474.63,Penang,Organic Search,2025-08-30,123,95.17807692307693,Standard
ACCT-0108,275,12,1416.3,Penang,Organic Search,2025-01-27,338,118.02499999999999,Churned
ACCT-0109,4,9,2105.36,Puchong,Social Media Ad,2025-05-19,226,233.9288888888889,Standard
ACCT-0110,3,50,6763.03,Petaling Jaya,Social Media Ad,2025-07-17,167,135.26059999999998,Standard
ACCT-0111,10,17,1764.99,Shah Alam,In-Store Promo,2025-04-02,273,103.8229411764706,Standard
ACCT-0112,8,13,2461.96,Shah Alam,Referral,2025-06-25,189,189.38153846153847,Standard
ACCT-0113,6,11,2206.17,Kuala Lumpur,Organic Search,2025-10-27,65,200.5609090909091,Standard
ACCT-0114,1,84,14735.84,Puchong,Organic Search,2025-09-06,116,175.42666666666668,Champion
ACCT-0115,1,8,1471.19,Puchong,Social Media Ad,2025-11-28,33,183.89875,New Active
ACCT-0116,4,4,334.72,Shah Alam,Referral,2025-10-18,74,83.68,Standard
ACCT-0117,13,11,854.25,Kuala Lumpur,Referral,2025-07-27,157,77.6590909090909,Standard
ACCT-0118,4,85,15696.02,Puchong,Referral,2025-06-05,209,184.65905882352942,Champion
ACCT-0119,4,5,2031.28,Penang,In-Store Promo,2025-10-22,70,406.256,Standard
ACCT-0120,13,15,1997.6599999999999,Johor Bahru,In-Store Promo,2025-03-10,296,133.17733333333334,Standard
ACCT-0121,179,12,1807.46,Shah Alam,Organic Search,2025-04-22,253,150.62166666666667,Churned
ACCT-0122,1,80,11249.44,Shah Alam,In-Store Promo,2025-08-31,122,140.618,Champion
ACCT-0123,4,5,1754.6100000000001,Johor Bahru,In-Store Promo,2025-09-20,102,350.922,Standard
ACCT-0124,1,141,22858.71,Kuala Lumpur,In-Store Promo,2025-06-03,211,162.11851063829786,Champion
ACCT-0125,10,1,83.21,Kuala Lumpur,Organic Search,2025-12-21,10,83.21,New Active
ACCT-0126,2,19,2314.57,Shah Alam,In-Store Promo,2025-10-04,88,121.81947368421054,Standard
ACCT-0127,222,7,1824.29,Kuala Lumpur,In-Store Promo,2025-03-22,284,260.61285714285714,Churned
ACCT-0128,11,4,1102.2,Penang,Referral,2025-10-20,72,275.55,Standard
ACCT-0129,5,1,42.62,Kuala Lumpur,In-Store Promo,2025-12-26,5,42.62,New Active
ACCT-0130,1,50,8330.99,Kuala Lumpur,Referral,2025-08-01,152,166.6198,Champion
ACCT-0131,9,11,1604.87,Johor Bahru,Social Media Ad,2025-06-03,211,145.8972727272727,Standard
ACCT-0132,156,21,2965.81,Petaling Jaya,Referral,2025-04-26,249,141.2290476190476,Churned
ACCT-0133,1,72,12715.94,Petaling Jaya,Referral,2025-04-16,259,176.61027777777778,Champion
ACCT-0134,1,9,2716.29,Puchong,Organic Search,2025-08-04,149,301.81,Standard
ACCT-0135,2,12,1472.81,Johor Bahru,In-Store Promo,2025-03-23,283,122.73416666666667,Standard
ACCT-0136,3,47,9400.48,Petaling Jaya,Referral,2025-07-29,155,200.01021276595745,Champion
ACCT-0137,19,13,3488.67,Kuala Lumpur,Social Media Ad,2025-02-19,315,268.35923076923075,Standard
ACCT-0138,17,9,985.91,Petaling Jaya,Referral,2025-06-20,194,109.54555555555555,Standard
ACCT-0139,193,8,919.0799999999999,Puchong,Social Media Ad,2025-04-16,259,114.88499999999999,Churned
ACCT-0140,172,8,1533.15,Johor Bahru,Social Media Ad,2025-04-26,249,191.64375,Churned
ACCT-0141,9,23,3152.59,Petaling Jaya,Referral,2025-01-19,346,137.0691304347826,Standard
ACCT-0142,8,16,3802.4300000000003,Johor Bahru,In-Store Promo,2025-04-10,265,237.65187500000002,Standard
ACCT-0143,1,38,7614.84,Kuala Lumpur,In-Store Promo,2025-07-29,155,200.3905263157895,Standard
ACCT-0144,1,22,3494.01,Kuala Lumpur,Organic Search,2025-10-11,81,158.8186363636364,Standard
ACCT-0145,7,5,657.46,Petaling Jaya,Referral,2025-10-04,88,131.49200000000002,Standard
ACCT-0146,162,8,1457.71,Petaling Jaya,Organic Search,2025-05-19,226,182.21375,Churned
ACCT-0147,115,17,4185.88,Johor Bahru,Social Media Ad,2025-06-05,209,246.22823529411767,Churned
ACCT-0148,196,19,3409.99,Penang,Social Media Ad,2025-04-21,254,179.47315789473683,Churned
ACCT-0149,22,4,672.61,Shah Alam,Organic Search,2025-09-21,101,168.1525,Standard
ACCT-0150,2,133,19976.34,Shah Alam,Organic Search,2025-02-09,325,150.19804511278195,Champion
ACCT-0151,6,8,1563.96,Penang,Social Media Ad,2025-10-30,62,195.495,Standard
ACCT-0152,4,1,46.15,Petaling Jaya,Referral,2025-12-27,4,46.15,New Active
ACCT-0153,16,16,3096.42,Shah Alam,Organic Search,2025-02-08,326,193.52625,Standard
ACCT-0154,5,53,7586.49,Shah Alam,Referral,2025-04-27,248,143.141320754717,Standard
ACCT-0155,1,10,862.04,Johor Bahru,In-Store Promo,2025-04-07,268,86.204,Standard
ACCT-0156,17,13,2668.61,Kuala Lumpur,Social Media Ad,2025-04-05,270,205.27769230769232,Standard
ACCT-0157,3,76,12744.18,Penang,Referral,2025-04-09,266,167.68657894736842,Champion
ACCT-0158,1,88,16384.03,Shah Alam,Organic Search,2025-03-02,304,186.18215909090907,Champion
ACCT-0159,3,65,10900.94,Johor Bahru,Organic Search,2025-07-09,175,167.70676923076923,Champion
ACCT-0160,75,11,1534.66,Penang,Referral,2025-07-15,169,139.51454545454547,Standard
ACCT-0161,58,9,2037.7,Johor Bahru,Social Media Ad,2025-09-05,117,226.41111111111113,Standard
ACCT-0162,2,46,7363.0,Petaling Jaya,Social Media Ad,2025-09-13,109,160.06521739130434,Standard
ACCT-0163,3,116,14948.97,Kuala Lumpur,Social Media Ad,2025-03-11,295,128.87043103448275,Champion
ACCT-0164,8,8,1350.96,Shah Alam,Organic Search,2025-08-06,147,168.87,Standard
ACCT-0165,2,15,2183.7599999999998,Kuala Lumpur,In-Store Promo,2025-11-06,55,145.58399999999997,New Active
ACCT-0166,5,30,6990.61,Shah Alam,Organic Search,2025-08-31,122,233.02033333333333,Standard
ACCT-0167,12,10,2300.86,Shah Alam,Organic Search,2025-05-05,240,230.086,Standard
ACCT-0168,14,19,3965.4100000000003,Penang,Social Media Ad,2025-02-21,313,208.70578947368423,Standard
ACCT-0169,1,47,7130.54,Penang,Social Media Ad,2025-08-31,122,151.7136170212766,Standard
ACCT-0170,12,11,1805.6399999999999,Penang,In-Store Promo,2025-05-11,234,164.1490909090909,Standard
ACCT-0171,57,11,2101.08,Johor Bahru,In-Store Promo,2025-08-09,144,191.00727272727272,Standard
ACCT-0172,5,7,2146.86,Penang,In-Store Promo,2025-06-27,187,306.69428571428574,Standard
ACCT-0173,9,5,1365.7800000000002,Puchong,Social Media Ad,2025-11-11,50,273.15600000000006,New Active
ACCT-0174,6,42,6679.78,Puchong,Social Media Ad,2025-06-16,198,159.04238095238094,Standard
ACCT-0175,3,74,11462.04,Petaling Jaya,Referral,2025-06-25,189,154.89243243243246,Champion
ACCT-0176,2,22,3631.4,Johor Bahru,Social Media Ad,2025-10-19,73,165.06363636363636,Standard
ACCT-0177,3,81,16606.1,Kuala Lumpur,Social Media Ad,2025-05-23,222,205.01358024691356,Champion
ACCT-0178,4,10,1376.87,Shah Alam,Social Media Ad,2025-11-01,60,137.68699999999998,Standard
ACCT-0179,233,15,3011.4300000000003,Kuala Lumpur,Organic Search,2025-01-26,339,200.76200000000003,Churned
ACCT-0180,5,5,484.54,Johor Bahru,Referral,2025-11-18,43,96.908,New Active
ACCT-0181,12,12,2033.27,Kuala Lumpur,In-Store Promo,2025-05-28,217,169.43916666666667,Standard
ACCT-0182,15,8,795.2,Johor Bahru,Organic Search,2025-08-15,138,99.4,Standard
ACCT-0183,145,14,3296.12,Shah Alam,Social Media Ad,2025-05-23,222,235.43714285714285,Churned
ACCT-0184,25,7,1542.14,Petaling Jaya,Organic Search,2025-07-01,183,220.3057142857143,Standard
ACCT-0185,20,11,1258.27,Penang,Referral,2025-04-01,274,114.38818181818182,Standard
ACCT-0186,206,14,3436.21,Shah Alam,Social Media Ad,2025-03-11,295,245.44357142857143,Churned
ACCT-0187,161,19,3537.79,Shah Alam,Organic Search,2025-04-12,263,186.19947368421052,Churned
ACCT-0188,9,9,3250.62,Penang,In-Store Promo,2025-10-16,76,361.18,Standard
ACCT-0189,60,27,4567.3,Shah Alam,Social Media Ad,2025-07-26,158,169.15925925925927,Standard
ACCT-0190,1,23,5218.03,Petaling Jaya,Social Media Ad,2025-10-19,73,226.8708695652174,Standard
ACCT-0191,1,140,21904.08,Shah Alam,Organic Search,2025-06-16,198,156.4577142857143,Champion
ACCT-0192,10,9,2978.2200000000003,Puchong,Referral,2025-06-05,209,330.91333333333336,Standard
ACCT-0193,132,16,2626.2799999999997,Penang,Organic Search,2025-06-04,210,164.14249999999998,Churned
ACCT-0194,1,8,836.03,Penang,In-Store Promo,2025-12-12,19,104.50375,New Active
ACCT-0195,127,14,3602.44,Johor Bahru,Referral,2025-05-02,243,257.31714285714287,Churned
ACCT-0196,1,201,32044.28,Penang,Social Media Ad,2025-03-21,285,159.42427860696517,Champion
ACCT-0197,21,4,462.54,Penang,Social Media Ad,2025-09-22,100,115.635,Standard
ACCT-0198,215,17,2542.2799999999997,Kuala Lumpur,Organic Search,2025-03-10,296,149.54588235294116,Churned
ACCT-0199,92,14,2233.84,Petaling Jaya,In-Store Promo,2025-08-01,152,159.56,Churned
ACCT-0200,19,3,379.14,Johor Bahru,Referral,2025-10-20,72,126.38,Standard
ACCT-0201,206,34,5316.54,Johor Bahru,Social Media Ad,2025-02-15,319,156.36882352941177,Churned
ACCT-0202,4,33,4899.61,Puchong,Social Media Ad,2025-08-07,146,148.4730303030303,Standard
ACCT-0203,1,91,13985.63,Puchong,Referral,2025-08-25,128,153.68824175824176,Champion
ACCT-0204,3,53,9874.63,Kuala Lumpur,Social Media Ad,2025-07-02,182,186.31377358490565,Champion
ACCT-0205,1,20,4911.2699999999995,Petaling Jaya,In-Store Promo,2025-03-10,296,245.56349999999998,Standard
ACCT-0206,6,21,2656.34,Johor Bahru,Referral,2025-10-11,81,126.49238095238096,Standard
ACCT-0207,5,4,873.52,Shah Alam,Social Media Ad,2025-09-29,93,218.38,Standard
ACCT-0208,2,91,14545.1,Penang,Organic Search,2025-05-16,229,159.83626373626373,Champion
ACCT-0209,1,2,1202.54,Kuala Lumpur,Social Media Ad,2025-12-15,16,601.27,New Active
ACCT-0210,66,8,856.22,Penang,Organic Search,2025-08-12,141,107.0275,Standard
ACCT-0211,2,5,452.76,Puchong,In-Store Promo,2025-09-30,92,90.55199999999999,Standard
ACCT-0212,15,4,734.5699999999999,Puchong,Social Media Ad,2025-10-26,66,183.64249999999998,Standard
ACCT-0213,3,19,2740.05,Puchong,Social Media Ad,2025-01-06,359,144.21315789473684,Standard
ACCT-0214,1,121,19920.76,Johor Bahru,Organic Search,2025-07-09,175,164.63438016528923,Champion
ACCT-0215,38,28,4908.86,Shah Alam,Social Media Ad,2025-07-29,155,175.31642857142856,Standard
ACCT-0216,136,15,2047.29,Puchong,Referral,2025-05-23,222,136.486,Churned
ACCT-0217,4,14,1240.58,Puchong,In-Store Promo,2025-05-14,231,88.61285714285714,Standard
ACCT-0218,4,1,115.61,Shah Alam,In-Store Promo,2025-12-27,4,115.61,New Active
ACCT-0219,41,16,2898.7400000000002,Puchong,Organic Search,2025-09-08,114,181.17125000000001,Standard
ACCT-0220,8,10,944.5999999999999,Puchong,In-Store Promo,2025-04-01,274,94.46,Standard
ACCT-0221,12,7,1414.1,Petaling Jaya,Social Media Ad,2025-08-03,150,202.0142857142857,Standard
ACCT-0222,8,1,387.21,Puchong,Referral,2025-12-23,8,387.21,New Active
ACCT-0223,4,68,13149.57,Kuala Lumpur,Organic Search,2025-02-23,311,193.3760294117647,Champion
ACCT-0224,162,11,2345.2200000000003,Penang,Organic Search,2025-05-04,241,213.2018181818182,Churned
ACCT-0225,7,15,3636.39,Penang,Social Media Ad,2025-03-24,282,242.426,Standard
ACCT-0226,1,164,30103.75,Puchong,In-Store Promo,2025-04-18,257,183.5594512195122,Champion
ACCT-0227,1,15,1384.48,Penang,Social Media Ad,2025-11-11,50,92.29866666666666,New Active
ACCT-0228,12,8,1578.35,Puchong,In-Store Promo,2025-06-29,185,197.29375,Standard
ACCT-0229,1,16,2380.4,Kuala Lumpur,Social Media Ad,2025-12-07,24,148.775,New Active
ACCT-0230,172,16,3280.76,Penang,Social Media Ad,2025-04-01,274,205.0475,Churned
ACCT-0231,1,95,17794.22,Penang,Organic Search,2025-05-21,224,187.30757894736843,Champion
ACCT-0232,1,10,1171.77,Kuala Lumpur,Referral,2025-12-03,28,117.17699999999999,New Active
ACCT-0233,2,15,1130.85,Penang,Social Media Ad,2025-11-13,48,75.39,New Active
ACCT-0234,3,61,8803.48,Johor Bahru,Social Media Ad,2025-06-03,211,144.31934426229506,Champion
ACCT-0235,199,15,2048.95,Johor Bahru,Social Media Ad,2025-03-13,293,136.59666666666666,Churned
ACCT-0236,187,21,2727.61,Johor Bahru,Referral,2025-03-23,283,129.88619047619048,Churned
ACCT-0237,4,73,12553.72,Kuala Lumpur,Social Media Ad,2025-04-24,251,171.96876712328765,Champion
ACCT-0238,87,16,1900.61,Puchong,Social Media Ad,2025-06-13,201,118.788125,Standard
ACCT-0239,2,11,1948.1100000000001,Petaling Jaya,Organic Search,2025-11-24,37,177.1009090909091,New Active
ACCT-0240,8,8,1372.56,Petaling Jaya,Social Media Ad,2025-06-04,210,171.57,Standard
ACCT-0241,8,5,2337.5299999999997,Johor Bahru,In-Store Promo,2025-09-21,101,467.506,Standard
ACCT-0242,11,4,869.82,Kuala Lumpur,Social Media Ad,2025-11-20,41,217.455,New Active
ACCT-0243,5,6,587.63,Kuala Lumpur,In-Store Promo,2025-11-11,50,97.93833333333333,New Active
ACCT-0244,239,11,1853.47,Shah Alam,In-Store Promo,2025-02-12,322,168.49727272727273,Churned
ACCT-0245,4,8,1230.96,Kuala Lumpur,Social Media Ad,2025-11-01,60,153.87,Standard
ACCT-0246,3,32,5085.53,Puchong,Social Media Ad,2025-08-02,151,158.9228125,Standard
ACCT-0247,264,17,2524.04,Penang,Organic Search,2025-01-07,358,148.47294117647058,Churned
ACCT-0248,16,12,1093.05,Puchong,In-Store Promo,2025-04-03,272,91.08749999999999,Standard
ACCT-0249,241,15,2644.2,Penang,Organic Search,2025-01-28,337,176.28,Churned
ACCT-0250,5,11,3547.14,Johor Bahru,Organic Search,2025-11-18,43,322.4672727272727,New Active
ACCT-0251,2,69,9450.54,Johor Bahru,Referral,2025-07-02,182,136.96434782608696,Champion
ACCT-0252,2,7,1425.3400000000001,Puchong,Organic Search,2025-11-08,53,203.62000000000003,New Active
ACCT-0253,4,9,2491.14,Penang,In-Store Promo,2025-07-23,161,276.7933333333333,Standard
ACCT-0254,2,120,23873.38,Kuala Lumpur,In-Store Promo,2025-06-30,184,198.94483333333335,Champion
ACCT-0255,2,73,12316.66,Petaling Jaya,Social Media Ad,2025-02-24,310,168.7213698630137,Champion
ACCT-0256,97,10,2100.25,Puchong,Referral,2025-07-18,166,210.025,Churned
ACCT-0257,5,10,1193.88,Petaling Jaya,In-Store Promo,2025-05-29,216,119.388,Standard
ACCT-0258,6,9,1381.05,Johor Bahru,Social Media Ad,2025-06-08,206,153.45,Standard
ACCT-0259,1,142,21202.36,Puchong,Organic Search,2025-05-20,225,149.3123943661972,Champion
ACCT-0260,241,15,2062.76,Kuala Lumpur,In-Store Promo,2025-01-29,336,137.51733333333334,Churned
ACCT-0261,2,239,43483.86,Puchong,Organic Search,2025-02-01,333,181.9408368200837,Champion
ACCT-0262,56,26,3269.35,Petaling Jaya,Organic Search,2025-08-12,141,125.74423076923077,Standard
ACCT-0263,4,96,16390.26,Kuala Lumpur,In-Store Promo,2025-01-18,347,170.73187499999997,Champion
ACCT-0264,14,7,1173.94,Johor Bahru,Referral,2025-08-10,143,167.7057142857143,Standard
ACCT-0265,4,51,8625.39,Kuala Lumpur,Organic Search,2025-05-17,228,169.12529411764706,Champion
ACCT-0266,4,38,5872.9,Shah Alam,Organic Search,2025-10-04,88,154.54999999999998,Standard
ACCT-0267,1,17,2260.2,Puchong,Referral,2025-09-20,102,132.95294117647057,Standard
ACCT-0268,6,4,1445.98,Kuala Lumpur,In-Store Promo,2025-11-22,39,361.495,New Active
ACCT-0269,1,11,2982.65,Johor Bahru,Organic Search,2025-12-01,30,271.15000000000003,New Active
ACCT-0270,71,18,1373.75,Petaling Jaya,Organic Search,2025-07-20,164,76.31944444444444,Standard
ACCT-0271,20,7,656.5500000000001,Petaling Jaya,Organic Search,2025-07-04,180,93.79285714285716,Standard
ACCT-0272,3,3,534.1700000000001,Puchong,Social Media Ad,2025-12-20,11,178.0566666666667,New Active
ACCT-0273,3,143,22984.47,Penang,In-Store Promo,2025-01-05,360,160.73055944055946,Champion
ACCT-0274,3,20,4136.57,Kuala Lumpur,Organic Search,2025-09-28,94,206.8285,Standard
ACCT-0275,8,22,4351.78,Puchong,Referral,2025-02-08,326,197.8081818181818,Standard
ACCT-0276,3,74,11773.02,Penang,Organic Search,2025-02-10,324,159.09486486486486,Champion
ACCT-0277,24,10,1257.41,Petaling Jaya,In-Store Promo,2025-04-05,270,125.74100000000001,Standard
ACCT-0278,1,93,16457.9,Shah Alam,In-Store Promo,2025-02-05,329,176.96666666666667,Champion
ACCT-0279,1,36,5060.98,Johor Bahru,In-Store Promo,2025-09-06,116,140.58277777777778,Standard
ACCT-0280,43,35,8162.8099999999995,Johor Bahru,Organic Search,2025-07-30,154,233.22314285714285,At-Risk VIP
ACCT-0281,14,14,2616.35,Penang,Organic Search,2025-01-17,348,186.88214285714284,Standard
ACCT-0282,1,72,10387.24,Puchong,Social Media Ad,2025-04-23,252,144.26722222222222,Champion
ACCT-0283,16,24,3523.95,Johor Bahru,Referral,2025-01-14,351,146.83124999999998,Standard
ACCT-0284,3,7,840.26,Kuala Lumpur,Social Media Ad,2025-11-03,58,120.03714285714285,New Active
ACCT-0285,1,128,20875.06,Petaling Jaya,Organic Search,2025-06-19,195,163.08640625,Champion
ACCT-0286,2,91,13348.83,Petaling Jaya,In-Store Promo,2025-05-18,227,146.69043956043956,Champion
ACCT-0287,62,8,1750.75,Johor Bahru,In-Store Promo,2025-08-16,137,218.84375,Standard
ACCT-0288,25,10,1896.12,Johor Bahru,Organic Search,2025-10-07,85,189.612,Standard
ACCT-0289,1,77,11993.83,Petaling Jaya,Referral,2025-09-18,104,155.76402597402597,Champion
ACCT-0290,3,157,31593.35,Shah Alam,Organic Search,2025-05-13,232,201.23152866242037,Champion
ACCT-0291,1,101,15642.36,Petaling Jaya,Organic Search,2025-08-22,131,154.87485148514853,Champion
ACCT-0292,1,30,6294.57,Petaling Jaya,Organic Search,2025-08-23,130,209.819,Standard
ACCT-0293,51,7,1226.5900000000001,Shah Alam,In-Store Promo,2025-09-07,115,175.22714285714287,Standard
ACCT-0294,6,12,1625.69,Kuala Lumpur,Social Media Ad,2025-11-08,53,135.47416666666666,New Active
ACCT-0295,10,1,64.28,Kuala Lumpur,Social Media Ad,2025-12-21,10,64.28,New Active
ACCT-0296,1,88,15324.18,Shah Alam,Referral,2025-03-09,297,174.1384090909091,Champion
ACCT-0297,1,146,20790.72,Johor Bahru,In-Store Promo,2025-01-02,363,142.40219178082194,Champion
ACCT-0298,85,27,3792.2999999999997,Penang,Referral,2025-06-11,203,140.45555555555555,Standard
ACCT-0299,3,16,5573.1900000000005,Puchong,In-Store Promo,2025-11-22,39,348.32437500000003,New Active
ACCT-0300,40,13,1571.8400000000001,Penang,In-Store Promo,2025-09-14,108,120.91076923076925,Standard
